Workbook

Sheet B服
A1: 活动编号 | B1: 开始时间 | C1: 结束时间 | D1: 当期人数 | E1: 封挂数 | F1: 活动类型
A2: 75 | B2: 44145 | C2: 44150 | D2: 105551 | E2: 6 | F2: 挑战LIVE（CP）
A3: 97 | B3: 44152 | C3: 44157 | D3: 140490 | E3: 18 | F3: 挑战LIVE（CP）
A4: 76 | B4: 44159 | C4: 44164 | D4: 111269 | E4: 5 | F4: LIVE试炼（EX）
A5: 77 | B5: 44166 | C5: 44171 | D5: 65068 | E5: 8 | F5: 竞演LIVE（对邦）
A6: 78 | B6: 44173 | C6: 44178 | D6: 97199 | E6: 6 | F6: 挑战LIVE（CP）
A7: 79 | B7: 44180 | C7: 44185 | D7: 93184 | E7: 6 | F7: 任务LIVE（协力）
A8: 80 | B8: 44187 | C8: 44192 | D8: 62873 | E8: 0 | F8: 竞演LIVE（对邦）
A9: 81 | B9: 44194 | C9: 44199 | D9: 115205 | E9: 7 | F9: 挑战LIVE（CP）
A10: 82 | B10: 44201 | C10: 44206 | D10: 100265 | E10: 4 | F10: LIVE试炼（EX）
A11: 83 | B11: 44208 | C11: 44213 | D11: 61733 | E11: 4 | F11: 竞演LIVE（对邦）
A12: 84 | B12: 44215 | C12: 44220 | D12: 105022 | E12: 3 | F12: 挑战LIVE（CP）
A13: 85 | B13: 44222 | C13: 44227 | D13: 115091 | E13: 4 | F13: 任务LIVE（协力）
... A29: 102 | B29: 44334 | C29: 44339 | D29: 91995 | E29: 5 | F29: 任务LIVE（协力）
A30: 103 | B30: 44341 | C30: 44346 | D30: 115192 | E30: - | F30: 挑战LIVE（CP）
A31: 104 | B31: 44348 | C31: 44353 | D31: 74300 | E31: - | F31: 竞演LIVE（对邦）
A32: 105 | B32: 44355 | C32: 44360 | D32: 119826 | E32: - | F32: LIVE试炼（EX）
A33: 106 | B33: 44362 | C33: 44367 | D33: 109338 | E33: - | F33: 任务LIVE（协力）
A34: 119 | B34: 44369 | C34: 44374 | D34: 142373 | E34: - | F34: LIVE试炼（EX）
A35: 107 | B35: 44376 | C35: 44381 | D35: 70057 | E35: - | F35: 竞演LIVE（对邦）
A36: 108 | B36: 44383 | C36: 44388 | D36: 113900 | E36: - | F36: 任务LIVE（协力）
A37: 109 | B37: 44390 | C37: 44395 | D37: 131643 | E37: - | F37: LIVE试炼（EX）
A38: 110 | B38: 44397 | C38: 44402 | D38: 67243 | E38: - | F38: 竞演LIVE（对邦）
A39: 111 | B39: 44404 | C39: 44409 | D39: 119968 | E39: - | F39: LIVE试炼（EX）
A40: 112 | B40: 44411 | C40: 44416 | D40: 68826 | E40: - | F40: 竞演LIVE（对邦）
A41: 113 | B41: 44418 | C41: 44423 | D41: 122093 | E41: - | F41: 任务LIVE（协力）
... A154: 228 | B154: 45329 | C154: 45336 | D154: 100936 | E154: - | F154: LIVE试炼（EX）
A155: 229 | B155: 45338 | C155: 45345 | D155: 48909 | E155: 13 | F155: 组曲LIVE（3组曲） | G155: *处理后人数
A156: 230 | B156: 45347 | C156: 45354 | D156: 82223 | E156: - | F156: 竞演LIVE（对邦）
A157: 231 | B157: 45356 | C157: 45363 | D157: 80351 | E157: 1 | F157: 任务LIVE（协力） | G157: *处理后人数
A158: 232 | B158: 45365 | C158: 45372 | D158: 80852 | E158: - | F158: 挑战LIVE（CP）
A159: 233 | B159: 45374 | C159: 45381 | D159: 41934 | E159: - | F159: 组曲LIVE（3组曲）
A160: 234 | B160: 45383 | C160: 45390 | D160: 108929 | E160: - | F160: 挑战LIVE（CP）
A161: 235 | B161: 45392 | C161: 45399 | D161: 173620 | E161: 54 | F161: 任务LIVE（协力） | G161: *处理后人数
A162: 236 | B162: 45401 | C162: 45408 | D162: 131537 | E162: 19 | F162: 竞演LIVE（对邦） | G162: *处理后人数
A163: 237 | B163: 45410 | C163: 45417 | D163: 122337 | E163: - | F163: 团队LIVE FES （5V5）
A164: 238 | B164: 45419 | C164: 45425 | D164: 93660 | E164: 8 | F164: LIVE试炼（EX） | G164: *处理前人数，但不是我的数据
A165: 240 | B165: 45427 | C165: 45434 | D165: 109763 | E165: - | F165: LIVE试炼（EX）
A166: 239 | B166: 45436 | C166: 45443 | D166: 73629 | E166: 20 | F166: 组曲LIVE（3组曲） | G166: *处理前人数
A167: 241 | B167: 45445 | C167: 45452 | D167: 123306 | E167: - | F167: 任务LIVE（协力）
A168: 242 | B168: 45454 | C168: 45461 | D168: 115789 | E168: - | F168: 挑战LIVE（CP）
A169: 243 | B169: 45463 | C169: 45470 | D169: 112426 | E169: - | F169: 团队LIVE FES （5V5）
A170: 244 | B170: 45472 | C170: 45479 | D170: 54299 | E170: - | F170: 组曲LIVE（3组曲）
A171: 245 | B171: 45481 | C171: 45488 | D171: 116876 | E171: - | F171: 挑战LIVE（CP）
A172: 246 | B172: 45490 | C172: 45497 | D172: 114722 | E172: 8 | F172: LIVE试炼（EX） | G172: *处理前人数
A173: 227 | B173: 45499 | C173: 45507 | D173: 159013 | E173: 43 | F173: 任务LIVE（协力） | G173: *处理前人数
A174: 247 | B174: 45509 | C174: 45516 | D174: 109844 | E174: 21 | F174: 竞演LIVE（对邦） | G174: *处理前人数
A175: 248 | B175: 45518 | C175: 45525 | D175: 112478 | E175: 26 | F175: 任务LIVE（协力） | G175: *处理前人数
A176: 249 | B176: 45527 | C176: 45534 | D176: 52427 | E176: 10 | F176: 组曲LIVE（3组曲） | G176: *处理前人数
A177: 250 | B177: 45536 | C177: 45543 | D177: 112626 | E177: 37 | F177: LIVE试炼（EX） | G177: *处理前人数
A178: 251 | B178: 45545 | C178: 45552 | D178: 111055 | E178: 25 | F178: 竞演LIVE（对邦） | G178: *处理前人数
A179: 252 | B179: 45554 | C179: 45560 | D179: 104276 | E179: 14 | F179: 任务LIVE（协力） | G179: *处理前人数
A180: 253 | B180: 45562 | C180: 45576 | D180: 197027 | E180: 42 | F180: LIVE试炼（EX） | G180: *处理前人数
A181: 254 | B181: 45578 | C181: 45586 | D181: 80736 | E181: 12 | F181: 组曲LIVE（3组曲） | G181: *处理前人数
A182: 255 | B182: 45588 | C182: 45595 | D182: 132705 | E182: 18 | F182: 任务LIVE（协力） | G182: *处理前人数
A183: 256 | B183: 45597 | C183: 45605 | D183: 132296 | E183: 7 | F183: 团队LIVE FES （5V5） | G183: *处理前人数
A184: 257 | B184: 45607 | C184: 45615 | D184: 137803 | E184: 20 | F184: 挑战LIVE（CP） | G184: *处理前人数
A185: 258 | B185: 45617 | C185: 45626 | D185: 136921 | E185: - | F185: LIVE试炼（EX） | G185: *处理后人数
A186: 259 | B186: 45628 | C186: 45636 | D186: 124459 | E186: 11 | F186: 任务LIVE（协力） | G186: *处理前人数
A187: 260 | B187: 45638 | C187: 45648 | D187: 75839 | E187: 18 | F187: 组曲LIVE（3组曲） | G187: *处理前人数
A188: 261 | B188: 45650 | C188: 45658 | D188: 136027 | E188: 14 | F188: 团队LIVE FES （5V5） | G188: *处理前人数
A189: 262 | B189: 45660 | C189: 45668 | D189: 163012 | E189: 7 | F189: LIVE试炼（EX） | G189: *处理前人数
A190: 264 | B190: 45670 | C190: 45678 | D190: 90683 | E190: 8 | F190: 组曲LIVE（3组曲） | G190: *处理前人数
A191: 263 | B191: 45680 | C191: 45689 | D191: 237823 | E191: 28 | F191: 竞演LIVE（对邦） | G191: *处理前人数
A192: 265 | B192: 45691 | C192: 45699 | D192: 239406 | E192: 36 | F192: LIVE试炼（EX） | G192: *处理前人数
A193: 266 | B193: 45701 | C193: 45709 | D193: 242989 | E193: 52 | F193: 挑战LIVE（CP） | G193: *处理前人数
A194: 267 | B194: 45711 | C194: 45720 | D194: 234429 | E194: 11 | F194: 任务LIVE（协力） | G194: *处理前人数
A195: 268 | B195: 45722 | C195: 45730 | D195: 237677 | E195: 17 | F195: LIVE试炼（EX） | G195: *处理前人数
A196: 269 | B196: 45733 | C196: 45740 | D196: 220299 | E196: 29 | F196: 竞演LIVE（对邦） | G196: *处理前人数
A197: 270 | B197: 45742 | C197: 45750 | D197: 259388 | E197: 22 | F197: 挑战LIVE（CP） | G197: *处理前人数
... A209: 282 | B209: 45865 | C209: 45875 | D209: 229934 | E209: 1 | F209: LIVE试炼（EX） | G209: *处理前人数
A210: 283 | B210: 45877 | C210: 45884 | D210: 186701 | E210: - | F210: 任务LIVE（协力） | G210: *处理前人数
A211: 284 | B211: 45886 | C211: 45894 | D211: 201530 | E211: 7 | F211: 挑战LIVE（CP） | G211: *处理前人数
A212: 285 | B212: 45896 | C212: 45903 | D212: 171776 | E212: - | F212: LIVE试炼（EX） | G212: *处理前人数
A213: 286 | B213: 45904 | C213: 45911 | D213: 175264 | E213: 2 | F213: 任务LIVE（协力） | G213: *处理前人数
A214: 287 | B214: 45913 | C214: 45918 | D214: 74185 | E214: - | F214: 组曲LIVE（3组曲） | G214: *处理前人数
A215: 288 | B215: 45920 | C215: 45925 | D215: 144377 | E215: 4 | F215: 团队LIVE FES （5V5） | G215: *处理前人数
A216: 289 | B216: 45926 | C216: 45939 | D216: 241572 | E216: 7 | F216: 挑战LIVE（CP） | G216: *处理前人数
A217: 290 | B217: 45941 | C217: 45949 | D217: 195788 | E217: 2 | F217: 竞演LIVE（对邦） | G217: *处理前人数
A218: 291 | B218: 45951 | C218: 45959 | D218: 169419 | E218: 3 | F218: 任务LIVE（协力） | G218: *处理前人数
A219: 292 | B219: 45961 | C219: 45969 | D219: 156432 | E219: 1 | F219: LIVE试炼（EX） | G219: *处理前人数
A220: 312 | B220: 45971 | C220: 45979 | D220: 160729 | E220: 3 | F220: 任务LIVE（协力） | G220: *处理前人数
A221: 313 | B221: 45981 | C221: 45989 | D221: 157447 | E221: 4 | F221: LIVE试炼（EX） | G221: *处理前人数
A222: 293 | B222: 45991 | C222: 46000 | D222: 151274 | E222: 13 | F222: 挑战LIVE（CP） | G222: *处理前人数
A223: 294 | B223: 46002 | C223: 46010 | D223: 60545 | E223: 8 | F223: 组曲LIVE（3组曲） | G223: *处理前人数
A224: 295 | B224: 46012 | C224: 46019 | D224: 126929 | E224: 2 | F224: LIVE试炼（EX） | G224: *处理前人数
A225: 296 | B225: 46021 | C225: 46029 | D225: 139814 | E225: 3 | F225: 竞演LIVE（对邦） | G225: *处理前人数
A226: 297 | B226: 46031 | C226: 46040 | D226: 170899 | E226: 2 | F226: 任务LIVE（协力） | G226: *处理前人数
A227: 298 | B227: 46042 | C227: 46051 | D227: 141207 | E227: 3 | F227: LIVE试炼（EX） | G227: *处理前人数
A228: 300 | B228: 46053 | C228: 46062 | D228: 137065 | E228: - | F228: 任务LIVE（协力） | G228: *处理前人数
A229: 299 | B229: 46064 | C229: 46073 | D229: 159812 | E229: - | F229: 挑战LIVE（CP） | G229: *处理前人数
A230: 301 | B230: 46075 | C230: 46084 | D230: 144103 | E230: - | F230: LIVE试炼（EX） | G230: *处理前人数
A231: 302 | B231: 46086 | C231: 46095 | D231: 117319 | E231: 2 | F231: 竞演LIVE（对邦） | G231: *处理前人数
A232: 303 | B232: 46097 | C232: 46106 | D232: 113776 | E232: - | F232: 任务LIVE（协力） | G232: *处理前人数
A233: 304 | B233: 46108 | C233: 46117 | D233: 117630 | E233: - | F233: LIVE试炼（EX） | G233: *处理前人数
A234: 305 | B234: 46119 | C234: 46127 | D234: 50357 | E234: 1 | F234: 组曲LIVE（3组曲） | G234: *处理前人数
A235: 306 | B235: 46129 | C235: 46136 | D235: 109808 | E235: - | F235: 挑战LIVE（CP） | G235: *处理前人数
A236: 307 | B236: 46138 | C236: 46146 | D236: 128828 | E236: - | F236: 任务LIVE（协力） | G236: *处理前人数
A237: 308 | B237: 46148 | C237: 46156 | D237: 99911 | E237: - | F237: 竞演LIVE（对邦） | G237: *处理前人数
A238: 309 | B238: 46158 | C238: 46166 | D238: 113948 | E238: - | F238: LIVE试炼（EX） | G238: *处理前人数
...

Sheet 渠道
A1: 活动编号 | B1: 开始时间 | C1: 结束时间 | D1: 当期人数 | E1: B服同期 | F1: 封挂数 | G1: 活动类型
A2: 113 | B2: 44418 | C2: 44423 | D2: 11715 | E2: =D2/B服!D41 -> 0.095951447 | F2: - | G2: 任务LIVE（协力）
A3: 114 | B3: 44425 | C3: 44430 | D3: 4693 | E3: =D3/B服!D42 -> 0.072095738 | F3: - | G3: 竞演LIVE（对邦）
A4: 115 | B4: 44432 | C4: 44437 | D4: 10141 | E4: =D4/B服!D43 -> 0.098484039 | F4: - | G4: 挑战LIVE（CP）
A5: 116 | B5: 44439 | C5: 44444 | D5: 7511 | E5: =D5/B服!D44 -> 0.084911313 | F5: - | G5: LIVE试炼（EX）
A6: 117 | B6: 44446 | C6: 44451 | D6: 6914 | E6: =D6/B服!D45 -> 0.083096966 | F6: - | G6: 任务LIVE（协力）
A7: 118 | B7: 44453 | C7: 44458 | D7: 3241 | E7: =D7/B服!D46 -> 0.066454788 | F7: - | G7: 竞演LIVE（对邦）
A8: 120 | B8: 44460 | C8: 44465 | D8: 6353 | E8: =D8/B服!D47 -> 0.08949526 | F8: - | G8: 任务LIVE（协力）
A9: 121 | B9: 44467 | C9: 44472 | D9: 3642 | E9: =D9/B服!D48 -> 0.073787431 | F9: - | G9: 竞演LIVE（对邦）
A10: 122 | B10: 44474 | C10: 44479 | D10: 6943 | E10: =D10/B服!D49 -> 0.089713274 | F10: - | G10: 任务LIVE（协力）
A11: 123 | B11: 44481 | C11: 44486 | D11: 6757 | E11: =D11/B服!D50 -> 0.09587525 | F11: - | G11: LIVE试炼（EX）
A12: 124 | B12: 44488 | C12: 44493 | D12: 3010 | E12: =D12/B服!D51 -> 0.067670863 | F12: - | G12: 竞演LIVE（对邦）
A13: 125 | B13: 44495 | C13: 44500 | D13: 7170 | E13: =D13/B服!D52 -> 0.10105423 | F13: - | G13: 任务LIVE（协力）
... A99: 211 | B99: 45185 | C99: 45192 | D99: 10545 | E99: =D99/B服!D138 -> 0.14186353 | F99: - | G99: 任务LIVE（协力）
A100: 212 | B100: 45194 | C100: 45201 | D100: 坏了忘截图了 | F100: - | G100: 竞演LIVE（对邦）
A101: 213 | B101: 45203 | C101: 45210 | D101: 11217 | E101: =D101/B服!D140 -> 0.13509412 | F101: - | G101: LIVE试炼（EX）
A102: 214 | B102: 45212 | C102: 45219 | D102: 4882 | E102: =D102/B服!D141 -> 0.10427613 | F102: - | G102: 组曲LIVE（3组曲）
A103: 215 | B103: 45221 | C103: 45228 | D103: 5648 | E103: =D103/B服!D142 -> 0.10248594 | F103: - | G103: 竞演LIVE（对邦）
A104: 216 | B104: 45229 | C104: 45236 | D104: 11120 | E104: =D104/B服!D143 -> 0.13445703 | F104: - | G104: 任务LIVE（协力）
A105: 217 | B105: 45238 | C105: 45245 | D105: 13756 | E105: =D105/B服!D144 -> 0.10331826 | F105: - | G105: 挑战LIVE（CP）
A106: 218 | B106: 45247 | C106: 45254 | D106: 14856 | E106: =D106/B服!D145 -> 0.11884325 | F106: - | G106: LIVE试炼（EX）
A107: 219 | B107: 45256 | C107: 45263 | D107: 14890 | E107: =D107/B服!D146 -> 0.13177924 | F107: - | G107: 任务LIVE（协力）
A108: 220 | B108: 45265 | C108: 45272 | D108: 5002 | E108: =D108/B服!D147 -> 0.09756383 | F108: - | G108: 组曲LIVE（3组曲）
A109: 221 | B109: 45274 | C109: 45281 | D109: 13444 | E109: =D109/B服!D148 -> 0.13820328 | F109: - | G109: 挑战LIVE（CP）
A110: 222 | B110: 45283 | C110: 45290 | D110: 13988 | E110: =D110/B服!D149 -> 0.15308177 | F110: - | G110: LIVE试炼（EX）
A111: 223 | B111: 45292 | C111: 45299 | D111: 12465 | E111: =D111/B服!D150 -> 0.15063808 | F111: - | G111: 任务LIVE（协力）
A112: 224 | B112: 45301 | C112: 45308 | D112: 5031 | E112: =D112/B服!D151 -> 0.10397206 | F112: - | G112: 竞演LIVE（对邦）
... A124: 237 | B124: 45410 | C124: 45417 | D124: 19619 | E124: =D124/B服!D163 -> 0.16036849 | F124: - | G124: 团队LIVE FES （5V5）
A125: 238 | B125: 45419 | C125: 45425 | D125: 没探 | F125: - | G125: LIVE试炼（EX）
A126: 240 | B126: 45427 | C126: 45434 | D126: 13657 | E126: =D126/B服!D165 -> 0.12442262 | F126: - | G126: LIVE试炼（EX）
A127: 239 | B127: 45436 | C127: 45443 | D127: 5676 | E127: =D127/B服!D166 -> 0.07708919 | F127: - | G127: 组曲LIVE（3组曲）
A128: 241 | B128: 45445 | C128: 45452 | D128: 17831 | E128: =D128/B服!D167 -> 0.14460772 | F128: - | G128: 任务LIVE（协力）
A129: 242 | B129: 45454 | C129: 45461 | D129: 15815 | E129: =D129/B服!D168 -> 0.13658465 | F129: - | G129: 挑战LIVE（CP）
A130: 243 | B130: 45463 | C130: 45470 | D130: 17576 | E130: =D130/B服!D169 -> 0.15633394 | F130: - | G130: 团队LIVE FES （5V5）
A131: 244 | B131: 45472 | C131: 45479 | D131: 6207 | E131: =D131/B服!D170 -> 0.1143115 | F131: - | G131: 组曲LIVE（3组曲）
A132: 245 | B132: 45481 | C132: 45488 | D132: 21463 | E132: =D132/B服!D171 -> 0.18363907 | F132: - | G132: 挑战LIVE（CP）
A133: 246 | B133: 45490 | C133: 45497 | D133: 20662+ | E133: 18.01%+ | F133: - | G133: LIVE试炼（EX）
A134: 227 | B134: 45499 | C134: 45506 | D134: 25016 | E134: =D134/B服!D173 -> 0.15732047 | F134: - | G134: 任务LIVE（协力）
A135: 247 | B135: 45509 | C135: 45516 | D135: 21016 | E135: =D135/B服!D174 -> 0.19132588 | F135: - | G135: 竞演LIVE（对邦）
A136: 248 | B136: 45518 | C136: 45525 | D136: 23349 | E136: =D136/B服!D175 -> 0.20758726 | F136: - | G136: 任务LIVE（协力）
A137: 249 | B137: 45527 | C137: 45534 | D137: 8355 | E137: =D137/B服!D176 -> 0.15936445 | F137: - | G137: 组曲LIVE（3组曲）
A138: 250 | B138: 45536 | C138: 45543 | D138: 15741+ | E138: 13.98%+ | F138: - | G138: LIVE试炼（EX）
A139: 251 | B139: 45545 | C139: 45552 | D139: 18145 | E139: =D139/B服!D178 -> 0.16338751 | F139: - | G139: 竞演LIVE（对邦）
A140: 252 | B140: 45554 | C140: 45560 | D140: 14267 | E140: =D140/B服!D179 -> 0.13681959 | F140: - | G140: 任务LIVE（协力）
A141: 253 | B141: 45562 | C141: 45576 | D141: 34492 | E141: =D141/B服!D180 -> 0.1750623 | F141: - | G141: LIVE试炼（EX）
A142: 254 | B142: 45578 | C142: 45586 | D142: 7691 | E142: =D142/B服!D181 -> 0.095261098 | F142: - | G142: 组曲LIVE（3组曲）
A143: 255 | B143: 45588 | C143: 45595 | D143: 18769 | E143: =D143/B服!D182 -> 0.14143401 | F143: - | G143: 任务LIVE（协力）
A144: 256 | B144: 45597 | C144: 45605 | D144: 20579 | E144: =D144/B服!D183 -> 0.1555527 | F144: - | G144: 团队LIVE FES （5V5）
A145: 257 | B145: 45607 | C145: 45615 | D145: 18914 | E145: =D145/B服!D184 -> 0.13725391 | F145: - | G145: 挑战LIVE（CP）
A146: 258 | B146: 45617 | C146: 45626 | D146: 20777 | E146: =D146/B服!D185 -> 0.15174444 | F146: - | G146: LIVE试炼（EX）
A147: 259 | B147: 45628 | C147: 45636 | D147: 17441 | E147: =D147/B服!D186 -> 0.1401345 | F147: - | G147: 任务LIVE（协力）
A148: 260 | B148: 45638 | C148: 45648 | D148: 7234 | E148: =D148/B服!D187 -> 0.095386279 | F148: - | G148: 组曲LIVE（3组曲）
A149: 261 | B149: 45650 | C149: 45658 | D149: 19758 | E149: =D149/B服!D188 -> 0.14525058 | F149: - | G149: 团队LIVE FES （5V5）
A150: 262 | B150: 45660 | C150: 45668 | D150: 22465 | E150: =D150/B服!D189 -> 0.13781194 | F150: - | G150: LIVE试炼（EX）
... A160: 272 | B160: 45760 | C160: 45769 | D160: 9727 | E160: =D160/B服!D199 -> 0.093442591 | F160: - | G160: 组曲LIVE（3组曲）
A161: 273 | B161: 45771 | C161: 45781 | D161: 44208+ | E161: 18.82%+ | F161: - | G161: 任务LIVE（协力）
A162: 274 | B162: 45783 | C162: 45791 | D162: 27424 | E162: =D162/B服!D201 -> 0.14836294 | F162: - | G162: LIVE试炼（EX）
A163: 275 | B163: 45793 | C163: 45801 | D163: 31568 | E163: =D163/B服!D202 -> 0.16787828 | F163: - | G163: 竞演LIVE（对邦）
A164: 278 | B164: 45803 | C164: 45811 | D164: 41506 | E164: =D164/B服!D203 -> 0.17199712 | F164: - | G164: 竞演LIVE（对邦）
A165: 276 | B165: 45813 | C165: 45821 | D165: 40078 | E165: =D165/B服!D204 -> 0.17936646 | F165: - | G165: 任务LIVE（协力）
A166: 277 | B166: 45823 | C166: 45831 | D166: 39419 | E166: 18.79%+ | F166: - | G166: LIVE试炼（EX）
A167: 279 | B167: 45833 | C167: 45841 | D167: 51341 | E167: =D167/B服!D206 -> 0.25336189 | F167: - | G167: 任务LIVE（协力）
A168: 280 | B168: 45843 | C168: 45852 | D168: 52876+ | E168: 27.37%+ | F168: - | G168: LIVE试炼（EX）
A169: 281 | B169: 45854 | C169: 45863 | D169: 55443 | E169: =D169/B服!D208 -> 0.25092099 | F169: - | G169: 挑战LIVE（CP）
A170: 282 | B170: 45865 | C170: 45875 | D170: 57118 | E170: =D170/B服!D209 -> 0.24841041 | F170: - | G170: LIVE试炼（EX）
A171: 283 | B171: 45877 | C171: 45884 | D171: 44938 | E171: =D171/B服!D210 -> 0.24069502 | F171: - | G171: 任务LIVE（协力）
A172: 284 | B172: 45886 | C172: 45894 | D172: 47471 | E172: =D172/B服!D211 -> 0.23555302 | F172: - | G172: 挑战LIVE（CP）
A173: 285 | B173: 45896 | C173: 45903 | D173: 33851 | E173: =D173/B服!D212 -> 0.19706478 | F173: - | G173: LIVE试炼（EX）
A174: 286 | B174: 45904 | C174: 45911 | D174: 26797 | E174: =D174/B服!D213 -> 0.15289506 | F174: - | G174: 任务LIVE（协力）
A175: 287 | B175: 45913 | C175: 45918 | D175: ？ | E175: ？ | F175: - | G175: 组曲LIVE（3组曲）
A176: 288 | B176: 45920 | C176: 45925 | D176: 23190 | E176: =D176/B服!D215 -> 0.16062115 | F176: - | G176: 团队LIVE FES （5V5）
A177: 289 | B177: 45926 | C177: 45939 | D177: 59693 | E177: =D177/B服!D216 -> 0.24710231 | F177: - | G177: 挑战LIVE（CP）
A178: 290 | B178: 45941 | C178: 45949 | D178: 36108 | E178: =D178/B服!D217 -> 0.18442397 | F178: - | G178: 竞演LIVE（对邦）
A179: 291 | B179: 45951 | C179: 45959 | D179: 33924 | E179: =D179/B服!D218 -> 0.20023728 | F179: - | G179: 任务LIVE（协力）
A180: 292 | B180: 45961 | C180: 45969 | D180: 39138 | E180: =D180/B服!D219 -> 0.25019178 | F180: - | G180: LIVE试炼（EX）
A181: 312 | B181: 45971 | C181: 45979 | D181: 36830 | E181: =D181/B服!D220 -> 0.22914347 | F181: - | G181: 任务LIVE（协力）
A182: 313 | B182: 45981 | C182: 45989 | D182: 34899 | E182: =D182/B服!D221 -> 0.22165554 | F182: - | G182: LIVE试炼（EX）
A183: 293 | B183: 45991 | C183: 46000 | D183: 36026 | E183: =D183/B服!D222 -> 0.23815064 | F183: - | G183: 挑战LIVE（CP）
A184: 294 | B184: 46002 | C184: 46010 | D184: 8407 | E184: =D184/B服!D223 -> 0.1388554 | F184: - | G184: 组曲LIVE（3组曲）
A185: 295 | B185: 46012 | C185: 46019 | D185: 33387 | E185: =D185/B服!D224 -> 0.26303682 | F185: - | G185: LIVE试炼（EX）
A186: 296 | B186: 46021 | C186: 46029 | D186: 38374 | E186: =D186/B服!D225 -> 0.27446465 | F186: - | G186: 竞演LIVE（对邦）
A187: 297 | B187: 46031 | C187: 46040 | D187: 46392 | E187: =D187/B服!D226 -> 0.27145858 | F187: - | G187: 任务LIVE（协力）
... A197: 307 | B197: 46138 | C197: 46146 | D197: 56030 | E197: =D197/B服!D236 -> 0.43492098 | F197: - | G197: 任务LIVE（协力）
A198: 308 | B198: 46148 | C198: 46156 | D198: 31921 | E198: =D198/B服!D237 -> 0.31949435 | F198: 1 | G198: 竞演LIVE（对邦）
A199: 309 | B199: 46158 | C199: 46166 | D199: 49191 | E199: =D199/B服!D238 -> 0.43169691 | F199: - | G199: LIVE试炼（EX）
A200: 311 | B200: 46168 | C200: 46176 | D200: 47728 | E200: =D200/B服!D239 -> 0.30697591 | F200: - | G200: 挑战LIVE（CP）
A201: 310 | B201: 46178 | C201: 46186 | D201: 49441 | E201: =D201/B服!D240 -> 0.32852691 | F201: - | G201: 团队LIVE FES （5V5）
A202: 314 | B202: 46188 | C202: 46196 | D202: 50176 | E202: =D202/B服!D241 -> 0.34398695 | F202: - | G202: 竞演LIVE（对邦）
A203: 315 | B203: 46198 | C203: 46207 | D203: 64014 | E203: =D203/B服!D242 -> 0.46770953 | F203: - | G203: 任务LIVE（协力）
A204: 316 | B204: 46209 | C204: 46217 | D204: 65267 | E204: =D204/B服!D243 -> 0.47055219 | F204: - | G204: LIVE试炼（EX）
A205: 317 | B205: 46219 | C205: 46228 | D205: 67725 | E205: =D205/B服!D244 -> 0.4839332 | F205: - | G205: 挑战LIVE（CP）
A206: 318 | B206: 46230 | C206: 46239 | D206: 65536 | E206: =D206/B服!D245 -> 0.4961015 | F206: - | G206: 任务LIVE（协力）
A207: 319 | B207: 46241 | C207: 46249 | D207: 59305 | E207: =D207/B服!D246 -> 0.49317677 | F207: - | G207: LIVE试炼（EX）
A208: 320 | B208: 46251 | C208: 46258 | D208: 50934 | E208: =D208/B服!D247 -> 0.48526133 | F208: - | G208: 竞演LIVE（对邦）
A209: 321 | B209: 46260 | C209: 46267 | D209: 40736 | E209: =D209/B服!D248 -> 0.38959822 | F209: - | G209: 任务LIVE（协力）
A210: 322 | B210: 46269 | C210: 46277 | D210: 38554 | E210: =D210/B服!D249 -> 0.39177709 | F210: - | G210: LIVE试炼（EX）
... A213: 325 | B213: 46294 | C213: 46309 | D213: 65023 | E213: =D213/B服!D252 -> 0.47713147 | F213: - | G213: 挑战LIVE（CP）
A214: 326
A215: 327
A216: 328
...
